file,actual,predicted,prob_amora,correct
amora/amora_1.jpg,amora,amora,0.999,True
amora/amora_10.jpg,amora,amora,0.921,True
amora/amora_100.jpg,amora,amora,0.982,True
amora/amora_101.jpg,amora,amora,0.955,True
amora/amora_102.jpg,amora,amora,0.988,True
amora/amora_103.jpg,amora,amora,1.0,True
amora/amora_104.jpg,amora,amora,0.996,True
amora/amora_105.jpg,amora,amora,0.998,True
amora/amora_106.jpg,amora,amora,0.949,True
amora/amora_107.jpg,amora,amora,0.833,True
amora/amora_108.jpg,amora,amora,0.997,True
amora/amora_109.jpg,amora,amora,0.985,True
amora/amora_11.jpg,amora,amora,0.998,True
amora/amora_110.jpg,amora,amora,0.994,True
amora/amora_111.jpg,amora,amora,0.984,True
amora/amora_112.jpg,amora,amora,0.997,True
amora/amora_113.jpg,amora,amora,1.0,True
amora/amora_114.jpg,amora,amora,1.0,True
amora/amora_115.jpg,amora,amora,0.958,True
amora/amora_116.jpg,amora,amora,0.935,True
amora/amora_117.jpg,amora,amora,0.928,True
amora/amora_118.jpg,amora,amora,0.887,True
amora/amora_119.jpg,amora,amora,0.971,True
amora/amora_12.jpg,amora,amora,0.983,True
amora/amora_120.jpg,amora,amora,0.988,True
amora/amora_121.jpg,amora,amora,1.0,True
amora/amora_122.jpg,amora,amora,0.992,True
amora/amora_123.jpg,amora,amora,0.999,True
amora/amora_124.jpg,amora,amora,0.999,True
amora/amora_125.jpg,amora,amora,1.0,True
amora/amora_126.jpg,amora,amora,0.998,True
amora/amora_127.jpg,amora,amora,1.0,True
amora/amora_128.jpg,amora,amora,0.989,True
amora/amora_129.jpg,amora,amora,0.999,True
amora/amora_13.jpg,amora,amora,0.999,True
amora/amora_130.jpg,amora,amora,1.0,True
amora/amora_131.jpg,amora,amora,1.0,True
amora/amora_132.jpg,amora,not_amora,0.36,False
amora/amora_133.jpg,amora,amora,0.992,True
amora/amora_134.jpg,amora,amora,0.998,True
amora/amora_135.jpg,amora,amora,1.0,True
amora/amora_136.jpg,amora,amora,0.75,True
amora/amora_137.jpg,amora,amora,0.918,True
amora/amora_138.jpg,amora,amora,0.997,True
amora/amora_139.jpg,amora,amora,0.999,True
amora/amora_14.jpg,amora,amora,0.924,True
amora/amora_140.jpg,amora,amora,0.999,True
amora/amora_141.jpg,amora,amora,0.96,True
amora/amora_142.jpg,amora,amora,0.914,True
amora/amora_143.jpg,amora,amora,0.925,True
amora/amora_144.jpg,amora,amora,0.993,True
amora/amora_145.jpg,amora,amora,0.97,True
amora/amora_146.jpg,amora,amora,0.942,True
amora/amora_147.jpg,amora,amora,0.985,True
amora/amora_148.jpg,amora,amora,1.0,True
amora/amora_149.jpg,amora,amora,1.0,True
amora/amora_15.jpg,amora,amora,0.989,True
amora/amora_150.jpg,amora,amora,0.989,True
amora/amora_151.jpg,amora,amora,0.989,True
amora/amora_152.jpg,amora,amora,0.995,True
amora/amora_153.jpg,amora,amora,0.963,True
amora/amora_154.jpg,amora,amora,0.839,True
amora/amora_155.jpg,amora,amora,0.748,True
amora/amora_156.jpg,amora,amora,0.993,True
amora/amora_157.jpg,amora,amora,0.999,True
amora/amora_158.jpg,amora,amora,0.999,True
not_amora/not_amora_1.jpg,not_amora,not_amora,0.016,True
not_amora/not_amora_10.jpg,not_amora,not_amora,0.0,True
not_amora/not_amora_100.jpg,not_amora,not_amora,0.0,True
not_amora/not_amora_1000.jpg,not_amora,not_amora,0.0,True
not_amora/not_amora_1001.jpg,not_amora,not_amora,0.0,True
not_amora/not_amora_1002.jpg,not_amora,not_amora,0.0,True
not_amora/not_amora_1003.jpg,not_amora,not_amora,0.0,True
not_amora/not_amora_1004.jpg,not_amora,not_amora,0.001,True
not_amora/not_amora_1005.jpg,not_amora,not_amora,0.0,True
not_amora/not_amora_1006.jpg,not_amora,not_amora,0.0,True
not_amora/not_amora_1007.jpg,not_amora,not_amora,0.0,True
not_amora/not_amora_1008.jpg,not_amora,not_amora,0.0,True
not_amora/not_amora_1009.jpg,not_amora,not_amora,0.0,True
not_amora/not_amora_101.jpg,not_amora,not_amora,0.0,True
not_amora/not_amora_1010.jpg,not_amora,not_amora,0.0,True
not_amora/not_amora_1011.jpg,not_amora,not_amora,0.0,True
not_amora/not_amora_1012.jpg,not_amora,not_amora,0.0,True
not_amora/not_amora_1013.jpg,not_amora,not_amora,0.0,True
not_amora/not_amora_1014.jpg,not_amora,not_amora,0.091,True
not_amora/not_amora_1015.jpg,not_amora,not_amora,0.0,True
not_amora/not_amora_1016.jpg,not_amora,not_amora,0.0,True
not_amora/not_amora_1017.jpg,not_amora,not_amora,0.0,True
not_amora/not_amora_1018.jpg,not_amora,not_amora,0.0,True
not_amora/not_amora_1019.jpg,not_amora,not_amora,0.0,True
not_amora/not_amora_102.jpg,not_amora,not_amora,0.035,True
not_amora/not_amora_1020.jpg,not_amora,not_amora,0.001,True
not_amora/not_amora_1021.jpg,not_amora,not_amora,0.0,True
not_amora/not_amora_1022.jpg,not_amora,not_amora,0.0,True
not_amora/not_amora_1023.jpg,not_amora,not_amora,0.0,True
not_amora/not_amora_1024.jpg,not_amora,not_amora,0.018,True
not_amora/not_amora_1025.jpg,not_amora,not_amora,0.003,True
not_amora/not_amora_1026.jpg,not_amora,not_amora,0.0,True
not_amora/not_amora_1027.jpg,not_amora,not_amora,0.0,True
not_amora/not_amora_1028.jpg,not_amora,not_amora,0.0,True
not_amora/not_amora_1029.jpg,not_amora,not_amora,0.0,True
not_amora/not_amora_103.jpg,not_amora,not_amora,0.0,True
not_amora/not_amora_1030.jpg,not_amora,not_amora,0.0,True
not_amora/not_amora_1031.jpg,not_amora,not_amora,0.0,True
not_amora/not_amora_1032.jpg,not_amora,not_amora,0.012,True
not_amora/not_amora_1033.jpg,not_amora,not_amora,0.0,True
not_amora/not_amora_1034.jpg,not_amora,not_amora,0.0,True
not_amora/not_amora_1035.jpg,not_amora,not_amora,0.413,True
not_amora/not_amora_1036.jpg,not_amora,not_amora,0.0,True
not_amora/not_amora_1037.jpg,not_amora,not_amora,0.0,True
not_amora/not_amora_1038.jpg,not_amora,not_amora,0.0,True
not_amora/not_amora_1039.jpg,not_amora,not_amora,0.0,True
not_amora/not_amora_104.jpg,not_amora,not_amora,0.0,True
not_amora/not_amora_1040.jpg,not_amora,not_amora,0.0,True
not_amora/not_amora_1041.jpg,not_amora,not_amora,0.002,True
not_amora/not_amora_1042.jpg,not_amora,not_amora,0.0,True
not_amora/not_amora_1043.jpg,not_amora,not_amora,0.003,True
not_amora/not_amora_1044.jpg,not_amora,not_amora,0.0,True
not_amora/not_amora_1045.jpg,not_amora,not_amora,0.0,True
not_amora/not_amora_1046.jpg,not_amora,amora,0.685,False
not_amora/not_amora_1047.jpg,not_amora,not_amora,0.0,True
not_amora/not_amora_1048.jpg,not_amora,not_amora,0.0,True
not_amora/not_amora_1049.jpg,not_amora,not_amora,0.0,True
not_amora/not_amora_105.jpg,not_amora,not_amora,0.0,True
not_amora/not_amora_1050.jpg,not_amora,not_amora,0.001,True
not_amora/not_amora_1051.jpg,not_amora,not_amora,0.0,True
not_amora/not_amora_1052.jpg,not_amora,not_amora,0.0,True
not_amora/not_amora_1053.jpg,not_amora,not_amora,0.002,True
not_amora/not_amora_1054.jpg,not_amora,not_amora,0.0,True
not_amora/not_amora_1055.jpg,not_amora,not_amora,0.0,True
not_amora/not_amora_1056.jpg,not_amora,not_amora,0.0,True
not_amora/not_amora_1057.jpg,not_amora,not_amora,0.0,True
not_amora/not_amora_1058.jpg,not_amora,not_amora,0.0,True
not_amora/not_amora_1059.jpg,not_amora,not_amora,0.0,True
not_amora/not_amora_106.jpg,not_amora,not_amora,0.001,True
not_amora/not_amora_1060.jpg,not_amora,not_amora,0.0,True
not_amora/not_amora_1061.jpg,not_amora,not_amora,0.0,True
not_amora/not_amora_1062.jpg,not_amora,not_amora,0.0,True
not_amora/not_amora_1063.jpg,not_amora,not_amora,0.0,True
not_amora/not_amora_1064.jpg,not_amora,not_amora,0.0,True
not_amora/not_amora_1065.jpg,not_amora,not_amora,0.003,True
not_amora/not_amora_1066.jpg,not_amora,not_amora,0.0,True
not_amora/not_amora_1067.jpg,not_amora,not_amora,0.019,True
not_amora/not_amora_1068.jpg,not_amora,amora,0.677,False
not_amora/not_amora_1069.jpg,not_amora,not_amora,0.0,True
not_amora/not_amora_107.jpg,not_amora,not_amora,0.029,True
not_amora/not_amora_1070.jpg,not_amora,not_amora,0.009,True
not_amora/not_amora_1071.jpg,not_amora,not_amora,0.0,True
not_amora/not_amora_1072.jpg,not_amora,not_amora,0.0,True
not_amora/not_amora_1073.jpg,not_amora,not_amora,0.002,True
not_amora/not_amora_1074.jpg,not_amora,not_amora,0.0,True
not_amora/not_amora_1075.jpg,not_amora,not_amora,0.0,True
not_amora/not_amora_1076.jpg,not_amora,not_amora,0.0,True
not_amora/not_amora_1077.jpg,not_amora,not_amora,0.0,True
not_amora/not_amora_1078.jpg,not_amora,not_amora,0.0,True
not_amora/not_amora_1079.jpg,not_amora,amora,0.693,False
not_amora/not_amora_108.jpg,not_amora,not_amora,0.0,True
not_amora/not_amora_1080.jpg,not_amora,not_amora,0.0,True
not_amora/not_amora_1081.jpg,not_amora,not_amora,0.0,True
not_amora/not_amora_1082.jpg,not_amora,not_amora,0.0,True
not_amora/not_amora_1083.jpg,not_amora,not_amora,0.0,True
not_amora/not_amora_1084.jpg,not_amora,not_amora,0.0,True
not_amora/not_amora_1085.jpg,not_amora,not_amora,0.001,True
not_amora/not_amora_1086.jpg,not_amora,not_amora,0.004,True
not_amora/not_amora_1087.jpg,not_amora,not_amora,0.001,True
not_amora/not_amora_1088.jpg,not_amora,not_amora,0.0,True
not_amora/not_amora_1089.jpg,not_amora,not_amora,0.0,True
not_amora/not_amora_109.jpg,not_amora,not_amora,0.0,True
not_amora/not_amora_1090.jpg,not_amora,amora,0.86,False
not_amora/not_amora_1091.jpg,not_amora,not_amora,0.0,True
not_amora/not_amora_1092.jpg,not_amora,not_amora,0.0,True
not_amora/not_amora_1093.jpg,not_amora,not_amora,0.0,True
not_amora/not_amora_1094.jpg,not_amora,not_amora,0.0,True
not_amora/not_amora_1095.jpg,not_amora,not_amora,0.0,True
not_amora/not_amora_1096.jpg,not_amora,not_amora,0.0,True
not_amora/not_amora_1097.jpg,not_amora,not_amora,0.0,True
not_amora/not_amora_1098.jpg,not_amora,not_amora,0.0,True
not_amora/not_amora_1099.jpg,not_amora,not_amora,0.0,True
not_amora/not_amora_11.jpg,not_amora,not_amora,0.001,True
not_amora/not_amora_110.jpg,not_amora,not_amora,0.0,True
not_amora/not_amora_1100.jpg,not_amora,not_amora,0.001,True
not_amora/not_amora_1101.jpg,not_amora,amora,0.559,False
not_amora/not_amora_1102.jpg,not_amora,not_amora,0.0,True
not_amora/not_amora_1103.jpg,not_amora,not_amora,0.0,True
not_amora/not_amora_1104.jpg,not_amora,not_amora,0.0,True
not_amora/not_amora_1105.jpg,not_amora,not_amora,0.0,True
not_amora/not_amora_1106.jpg,not_amora,not_amora,0.0,True
not_amora/not_amora_1107.jpg,not_amora,not_amora,0.0,True
not_amora/not_amora_1108.jpg,not_amora,not_amora,0.0,True
not_amora/not_amora_1109.jpg,not_amora,not_amora,0.0,True
not_amora/not_amora_111.jpg,not_amora,not_amora,0.0,True
not_amora/not_amora_1110.jpg,not_amora,not_amora,0.0,True
not_amora/not_amora_1111.jpg,not_amora,not_amora,0.0,True
not_amora/not_amora_1112.jpg,not_amora,not_amora,0.0,True
not_amora/not_amora_1113.jpg,not_amora,not_amora,0.0,True
not_amora/not_amora_1114.jpg,not_amora,amora,0.952,False
not_amora/not_amora_1115.jpg,not_amora,not_amora,0.0,True
not_amora/not_amora_1116.jpg,not_amora,not_amora,0.004,True
not_amora/not_amora_1117.jpg,not_amora,not_amora,0.0,True
not_amora/not_amora_1118.jpg,not_amora,not_amora,0.0,True
not_amora/not_amora_1119.jpg,not_amora,not_amora,0.0,True
not_amora/not_amora_112.jpg,not_amora,not_amora,0.0,True
not_amora/not_amora_1120.jpg,not_amora,not_amora,0.0,True
not_amora/not_amora_1121.jpg,not_amora,not_amora,0.0,True
not_amora/not_amora_1122.jpg,not_amora,not_amora,0.0,True
not_amora/not_amora_1123.jpg,not_amora,not_amora,0.0,True
not_amora/not_amora_1124.jpg,not_amora,not_amora,0.0,True
not_amora/not_amora_1125.jpg,not_amora,amora,0.845,False
not_amora/not_amora_1126.jpg,not_amora,not_amora,0.0,True
not_amora/not_amora_1127.jpg,not_amora,not_amora,0.0,True
not_amora/not_amora_1128.jpg,not_amora,not_amora,0.0,True
not_amora/not_amora_1129.jpg,not_amora,not_amora,0.0,True
not_amora/not_amora_113.jpg,not_amora,not_amora,0.036,True
not_amora/not_amora_1130.jpg,not_amora,not_amora,0.0,True
not_amora/not_amora_1131.jpg,not_amora,not_amora,0.0,True
not_amora/not_amora_1132.jpg,not_amora,not_amora,0.0,True
not_amora/not_amora_1133.jpg,not_amora,not_amora,0.0,True
not_amora/not_amora_1134.jpg,not_amora,not_amora,0.0,True
not_amora/not_amora_1135.jpg,not_amora,not_amora,0.0,True
not_amora/not_amora_1136.jpg,not_amora,not_amora,0.0,True
not_amora/not_amora_1137.jpg,not_amora,not_amora,0.0,True
not_amora/not_amora_1138.jpg,not_amora,not_amora,0.007,True
not_amora/not_amora_1139.jpg,not_amora,not_amora,0.0,True
not_amora/not_amora_114.jpg,not_amora,not_amora,0.0,True
not_amora/not_amora_1140.jpg,not_amora,not_amora,0.001,True
not_amora/not_amora_1141.jpg,not_amora,not_amora,0.0,True
not_amora/not_amora_1142.jpg,not_amora,not_amora,0.001,True
not_amora/not_amora_1143.jpg,not_amora,not_amora,0.005,True
not_amora/not_amora_1144.jpg,not_amora,not_amora,0.0,True
not_amora/not_amora_1145.jpg,not_amora,not_amora,0.0,True
not_amora/not_amora_1146.jpg,not_amora,not_amora,0.0,True
not_amora/not_amora_1147.jpg,not_amora,not_amora,0.107,True
not_amora/not_amora_1148.jpg,not_amora,not_amora,0.002,True
not_amora/not_amora_1149.jpg,not_amora,not_amora,0.0,True
not_amora/not_amora_115.jpg,not_amora,not_amora,0.0,True
not_amora/not_amora_1150.jpg,not_amora,not_amora,0.0,True
not_amora/not_amora_1151.jpg,not_amora,not_amora,0.0,True
not_amora/not_amora_1152.jpg,not_amora,not_amora,0.0,True
not_amora/not_amora_1153.jpg,not_amora,not_amora,0.0,True
not_amora/not_amora_1154.jpg,not_amora,not_amora,0.0,True
not_amora/not_amora_1155.jpg,not_amora,not_amora,0.0,True
not_amora/not_amora_1156.jpg,not_amora,not_amora,0.0,True
not_amora/not_amora_1157.jpg,not_amora,not_amora,0.001,True
not_amora/not_amora_1158.jpg,not_amora,not_amora,0.391,True
not_amora/not_amora_1159.jpg,not_amora,not_amora,0.0,True
not_amora/not_amora_116.jpg,not_amora,not_amora,0.001,True
not_amora/not_amora_1160.jpg,not_amora,not_amora,0.0,True
not_amora/not_amora_1161.jpg,not_amora,not_amora,0.0,True
not_amora/not_amora_1162.jpg,not_amora,not_amora,0.0,True
not_amora/not_amora_1163.jpg,not_amora,not_amora,0.0,True
not_amora/not_amora_1164.jpg,not_amora,not_amora,0.0,True
not_amora/not_amora_1165.jpg,not_amora,not_amora,0.0,True
not_amora/not_amora_1166.jpg,not_amora,not_amora,0.001,True
not_amora/not_amora_1167.jpg,not_amora,not_amora,0.0,True
not_amora/not_amora_1168.jpg,not_amora,not_amora,0.0,True
not_amora/not_amora_1169.jpg,not_amora,not_amora,0.049,True
not_amora/not_amora_117.jpg,not_amora,not_amora,0.0,True
not_amora/not_amora_1170.jpg,not_amora,not_amora,0.0,True
not_amora/not_amora_1171.jpg,not_amora,not_amora,0.0,True
not_amora/not_amora_1172.jpg,not_amora,not_amora,0.007,True
not_amora/not_amora_1173.jpg,not_amora,not_amora,0.0,True
not_amora/not_amora_1174.jpg,not_amora,not_amora,0.0,True
not_amora/not_amora_1175.jpg,not_amora,not_amora,0.0,True
not_amora/not_amora_1176.jpg,not_amora,not_amora,0.0,True
not_amora/not_amora_1177.jpg,not_amora,not_amora,0.031,True
not_amora/not_amora_1178.jpg,not_amora,not_amora,0.0,True
not_amora/not_amora_1179.jpg,not_amora,not_amora,0.0,True
not_amora/not_amora_118.jpg,not_amora,not_amora,0.0,True
not_amora/not_amora_1180.jpg,not_amora,not_amora,0.008,True
not_amora/not_amora_1181.jpg,not_amora,not_amora,0.0,True
not_amora/not_amora_1182.jpg,not_amora,not_amora,0.0,True
not_amora/not_amora_1183.jpg,not_amora,not_amora,0.0,True
not_amora/not_amora_1184.jpg,not_amora,not_amora,0.0,True
not_amora/not_amora_1185.jpg,not_amora,not_amora,0.002,True
not_amora/not_amora_1186.jpg,not_amora,not_amora,0.0,True
not_amora/not_amora_1187.jpg,not_amora,not_amora,0.0,True
not_amora/not_amora_1188.jpg,not_amora,not_amora,0.0,True
not_amora/not_amora_1189.jpg,not_amora,not_amora,0.0,True
not_amora/not_amora_119.jpg,not_amora,not_amora,0.0,True
not_amora/not_amora_1190.jpg,not_amora,not_amora,0.0,True
not_amora/not_amora_1191.jpg,not_amora,not_amora,0.001,True
not_amora/not_amora_1192.jpg,not_amora,not_amora,0.0,True
not_amora/not_amora_1193.jpg,not_amora,not_amora,0.0,True
not_amora/not_amora_1194.jpg,not_amora,not_amora,0.014,True
not_amora/not_amora_1195.jpg,not_amora,not_amora,0.0,True
not_amora/not_amora_1196.jpg,not_amora,not_amora,0.002,True
not_amora/not_amora_1197.jpg,not_amora,not_amora,0.0,True
not_amora/not_amora_1198.jpg,not_amora,not_amora,0.0,True
not_amora/not_amora_1199.jpg,not_amora,not_amora,0.0,True
not_amora/not_amora_12.jpg,not_amora,not_amora,0.0,True
not_amora/not_amora_120.jpg,not_amora,not_amora,0.0,True
not_amora/not_amora_1200.jpg,not_amora,not_amora,0.0,True
not_amora/not_amora_1201.jpg,not_amora,not_amora,0.0,True
not_amora/not_amora_1202.jpg,not_amora,not_amora,0.178,True
not_amora/not_amora_1203.jpg,not_amora,not_amora,0.0,True
not_amora/not_amora_1204.jpg,not_amora,not_amora,0.0,True
not_amora/not_amora_1205.jpg,not_amora,not_amora,0.0,True
not_amora/not_amora_1206.jpg,not_amora,not_amora,0.0,True
not_amora/not_amora_1207.jpg,not_amora,not_amora,0.0,True
not_amora/not_amora_1208.jpg,not_amora,not_amora,0.0,True
not_amora/not_amora_1209.jpg,not_amora,not_amora,0.0,True
not_amora/not_amora_121.jpg,not_amora,not_amora,0.0,True
not_amora/not_amora_1210.jpg,not_amora,not_amora,0.0,True
not_amora/not_amora_1211.jpg,not_amora,not_amora,0.0,True
not_amora/not_amora_1212.jpg,not_amora,not_amora,0.0,True
not_amora/not_amora_1213.jpg,not_amora,not_amora,0.013,True
not_amora/not_amora_1214.jpg,not_amora,not_amora,0.0,True
not_amora/not_amora_1215.jpg,not_amora,not_amora,0.0,True
not_amora/not_amora_1216.jpg,not_amora,not_amora,0.0,True
not_amora/not_amora_1217.jpg,not_amora,not_amora,0.0,True
not_amora/not_amora_1218.jpg,not_amora,not_amora,0.0,True
not_amora/not_amora_1219.jpg,not_amora,not_amora,0.0,True
not_amora/not_amora_122.jpg,not_amora,not_amora,0.0,True
not_amora/not_amora_1220.jpg,not_amora,not_amora,0.0,True
not_amora/not_amora_1221.jpg,not_amora,not_amora,0.003,True
not_amora/not_amora_1222.jpg,not_amora,not_amora,0.0,True
not_amora/not_amora_1223.jpg,not_amora,not_amora,0.0,True
not_amora/not_amora_1224.jpg,not_amora,not_amora,0.005,True
not_amora/not_amora_1225.jpg,not_amora,not_amora,0.06,True
not_amora/not_amora_1226.jpg,not_amora,not_amora,0.039,True
not_amora/not_amora_1227.jpg,not_amora,not_amora,0.011,True
not_amora/not_amora_1228.jpg,not_amora,not_amora,0.0,True
not_amora/not_amora_1229.jpg,not_amora,not_amora,0.0,True
not_amora/not_amora_123.jpg,not_amora,not_amora,0.001,True
not_amora/not_amora_1230.jpg,not_amora,not_amora,0.0,True
not_amora/not_amora_1231.jpg,not_amora,not_amora,0.0,True
not_amora/not_amora_1232.jpg,not_amora,not_amora,0.0,True
not_amora/not_amora_1233.jpg,not_amora,not_amora,0.0,True
not_amora/not_amora_1234.jpg,not_amora,not_amora,0.005,True
not_amora/not_amora_1235.jpg,not_amora,not_amora,0.0,True
not_amora/not_amora_1236.jpg,not_amora,not_amora,0.113,True
not_amora/not_amora_1237.jpg,not_amora,not_amora,0.0,True
not_amora/not_amora_1238.jpg,not_amora,not_amora,0.0,True
not_amora/not_amora_1239.jpg,not_amora,not_amora,0.0,True
not_amora/not_amora_124.jpg,not_amora,not_amora,0.001,True
not_amora/not_amora_1240.jpg,not_amora,not_amora,0.0,True
not_amora/not_amora_1241.jpg,not_amora,not_amora,0.0,True
not_amora/not_amora_1242.jpg,not_amora,not_amora,0.0,True
not_amora/not_amora_1243.jpg,not_amora,not_amora,0.0,True
not_amora/not_amora_1244.jpg,not_amora,not_amora,0.0,True
not_amora/not_amora_1245.jpg,not_amora,not_amora,0.001,True
not_amora/not_amora_1246.jpg,not_amora,not_amora,0.0,True
not_amora/not_amora_1247.jpg,not_amora,amora,0.559,False
not_amora/not_amora_1248.jpg,not_amora,not_amora,0.0,True
not_amora/not_amora_1249.jpg,not_amora,not_amora,0.0,True
not_amora/not_amora_125.jpg,not_amora,not_amora,0.006,True
not_amora/not_amora_1250.jpg,not_amora,not_amora,0.0,True
not_amora/not_amora_1251.jpg,not_amora,not_amora,0.0,True
not_amora/not_amora_1252.jpg,not_amora,not_amora,0.0,True
not_amora/not_amora_1253.jpg,not_amora,not_amora,0.001,True
not_amora/not_amora_1254.jpg,not_amora,not_amora,0.0,True
not_amora/not_amora_1255.jpg,not_amora,not_amora,0.0,True
not_amora/not_amora_1256.jpg,not_amora,not_amora,0.0,True
not_amora/not_amora_1257.jpg,not_amora,not_amora,0.0,True
not_amora/not_amora_1258.jpg,not_amora,not_amora,0.012,True
not_amora/not_amora_1259.jpg,not_amora,not_amora,0.0,True
not_amora/not_amora_126.jpg,not_amora,not_amora,0.0,True
not_amora/not_amora_1260.jpg,not_amora,not_amora,0.0,True
not_amora/not_amora_1261.jpg,not_amora,not_amora,0.0,True
not_amora/not_amora_1262.jpg,not_amora,not_amora,0.0,True
not_amora/not_amora_1263.jpg,not_amora,not_amora,0.0,True
not_amora/not_amora_1264.jpg,not_amora,not_amora,0.0,True
not_amora/not_amora_1265.jpg,not_amora,not_amora,0.0,True
not_amora/not_amora_1266.jpg,not_amora,not_amora,0.0,True
not_amora/not_amora_1267.jpg,not_amora,not_amora,0.0,True
not_amora/not_amora_1268.jpg,not_amora,not_amora,0.0,True
not_amora/not_amora_1269.jpg,not_amora,amora,0.845,False
not_amora/not_amora_127.jpg,not_amora,not_amora,0.0,True
not_amora/not_amora_1270.jpg,not_amora,not_amora,0.0,True
not_amora/not_amora_1271.jpg,not_amora,not_amora,0.0,True
not_amora/not_amora_1272.jpg,not_amora,not_amora,0.0,True
not_amora/not_amora_1273.jpg,not_amora,not_amora,0.0,True
not_amora/not_amora_1274.jpg,not_amora,not_amora,0.0,True
not_amora/not_amora_1275.jpg,not_amora,not_amora,0.0,True
not_amora/not_amora_1276.jpg,not_amora,not_amora,0.0,True
not_amora/not_amora_1277.jpg,not_amora,not_amora,0.0,True
not_amora/not_amora_1278.jpg,not_amora,not_amora,0.0,True
not_amora/not_amora_1279.jpg,not_amora,not_amora,0.001,True
not_amora/not_amora_128.jpg,not_amora,not_amora,0.183,True
not_amora/not_amora_1280.jpg,not_amora,amora,0.96,False
not_amora/not_amora_1281.jpg,not_amora,not_amora,0.0,True
not_amora/not_amora_1282.jpg,not_amora,not_amora,0.001,True
not_amora/not_amora_1283.jpg,not_amora,not_amora,0.026,True
not_amora/not_amora_1284.jpg,not_amora,not_amora,0.0,True
not_amora/not_amora_1285.jpg,not_amora,not_amora,0.0,True
not_amora/not_amora_1286.jpg,not_amora,not_amora,0.0,True
not_amora/not_amora_1287.jpg,not_amora,not_amora,0.0,True
not_amora/not_amora_1288.jpg,not_amora,not_amora,0.0,True
not_amora/not_amora_1289.jpg,not_amora,not_amora,0.0,True
not_amora/not_amora_129.jpg,not_amora,not_amora,0.0,True
not_amora/not_amora_1290.jpg,not_amora,not_amora,0.0,True
not_amora/not_amora_1291.jpg,not_amora,not_amora,0.262,True
not_amora/not_amora_1292.jpg,not_amora,not_amora,0.0,True
not_amora/not_amora_1293.jpg,not_amora,not_amora,0.0,True
not_amora/not_amora_1294.jpg,not_amora,not_amora,0.0,True
not_amora/not_amora_1295.jpg,not_amora,not_amora,0.0,True
not_amora/not_amora_1296.jpg,not_amora,not_amora,0.0,True
not_amora/not_amora_1297.jpg,not_amora,not_amora,0.278,True
not_amora/not_amora_1298.jpg,not_amora,not_amora,0.0,True
not_amora/not_amora_1299.jpg,not_amora,not_amora,0.0,True
not_amora/not_amora_13.jpg,not_amora,not_amora,0.0,True
not_amora/not_amora_130.jpg,not_amora,not_amora,0.0,True
not_amora/not_amora_1300.jpg,not_amora,not_amora,0.0,True
not_amora/not_amora_1301.jpg,not_amora,not_amora,0.0,True
not_amora/not_amora_1302.jpg,not_amora,not_amora,0.121,True
not_amora/not_amora_1303.jpg,not_amora,not_amora,0.0,True
not_amora/not_amora_1304.jpg,not_amora,not_amora,0.002,True
not_amora/not_amora_1305.jpg,not_amora,not_amora,0.0,True
not_amora/not_amora_1306.jpg,not_amora,not_amora,0.0,True
not_amora/not_amora_1307.jpg,not_amora,not_amora,0.0,True
not_amora/not_amora_1308.jpg,not_amora,not_amora,0.0,True
not_amora/not_amora_1309.jpg,not_amora,not_amora,0.0,True
not_amora/not_amora_131.jpg,not_amora,not_amora,0.0,True
not_amora/not_amora_1310.jpg,not_amora,not_amora,0.0,True
not_amora/not_amora_1311.jpg,not_amora,not_amora,0.0,True
not_amora/not_amora_1312.jpg,not_amora,not_amora,0.0,True
not_amora/not_amora_1313.jpg,not_amora,not_amora,0.002,True
not_amora/not_amora_1314.jpg,not_amora,not_amora,0.0,True
not_amora/not_amora_1315.jpg,not_amora,not_amora,0.0,True
not_amora/not_amora_1316.jpg,not_amora,not_amora,0.0,True
not_amora/not_amora_1317.jpg,not_amora,not_amora,0.0,True
not_amora/not_amora_1318.jpg,not_amora,not_amora,0.002,True
not_amora/not_amora_1319.jpg,not_amora,not_amora,0.0,True
not_amora/not_amora_132.jpg,not_amora,not_amora,0.002,True
not_amora/not_amora_1320.jpg,not_amora,not_amora,0.0,True
not_amora/not_amora_1321.jpg,not_amora,not_amora,0.0,True
not_amora/not_amora_1322.jpg,not_amora,not_amora,0.001,True
not_amora/not_amora_1323.jpg,not_amora,not_amora,0.0,True
not_amora/not_amora_1324.jpg,not_amora,not_amora,0.0,True
not_amora/not_amora_1325.jpg,not_amora,not_amora,0.0,True
not_amora/not_amora_1326.jpg,not_amora,not_amora,0.0,True
not_amora/not_amora_1327.jpg,not_amora,not_amora,0.0,True
not_amora/not_amora_1328.jpg,not_amora,not_amora,0.0,True
not_amora/not_amora_1329.jpg,not_amora,not_amora,0.0,True
not_amora/not_amora_133.jpg,not_amora,not_amora,0.002,True
not_amora/not_amora_1330.jpg,not_amora,not_amora,0.0,True
not_amora/not_amora_1331.jpg,not_amora,not_amora,0.0,True
not_amora/not_amora_1332.jpg,not_amora,not_amora,0.0,True
not_amora/not_amora_1333.jpg,not_amora,not_amora,0.0,True
not_amora/not_amora_1334.jpg,not_amora,not_amora,0.0,True
not_amora/not_amora_1335.jpg,not_amora,not_amora,0.0,True
not_amora/not_amora_1336.jpg,not_amora,amora,0.549,False
not_amora/not_amora_1337.jpg,not_amora,not_amora,0.0,True
not_amora/not_amora_1338.jpg,not_amora,not_amora,0.0,True
not_amora/not_amora_1339.jpg,not_amora,not_amora,0.0,True
not_amora/not_amora_134.jpg,not_amora,not_amora,0.001,True
not_amora/not_amora_1340.jpg,not_amora,not_amora,0.0,True
not_amora/not_amora_1341.jpg,not_amora,not_amora,0.0,True
not_amora/not_amora_1342.jpg,not_amora,not_amora,0.0,True
not_amora/not_amora_1343.jpg,not_amora,not_amora,0.0,True
not_amora/not_amora_1344.jpg,not_amora,not_amora,0.0,True
not_amora/not_amora_1345.jpg,not_amora,not_amora,0.0,True
not_amora/not_amora_1346.jpg,not_amora,not_amora,0.0,True
not_amora/not_amora_1347.jpg,not_amora,not_amora,0.003,True
not_amora/not_amora_1348.jpg,not_amora,not_amora,0.0,True
not_amora/not_amora_1349.jpg,not_amora,not_amora,0.0,True
not_amora/not_amora_135.jpg,not_amora,not_amora,0.005,True
not_amora/not_amora_1350.jpg,not_amora,not_amora,0.0,True
not_amora/not_amora_1351.jpg,not_amora,not_amora,0.001,True
not_amora/not_amora_1352.jpg,not_amora,not_amora,0.0,True
not_amora/not_amora_1353.jpg,not_amora,not_amora,0.002,True
not_amora/not_amora_1354.jpg,not_amora,not_amora,0.0,True
not_amora/not_amora_1355.jpg,not_amora,not_amora,0.001,True
not_amora/not_amora_1356.jpg,not_amora,not_amora,0.001,True
not_amora/not_amora_1357.jpg,not_amora,not_amora,0.0,True
not_amora/not_amora_1358.jpg,not_amora,not_amora,0.002,True
not_amora/not_amora_1359.jpg,not_amora,not_amora,0.0,True
not_amora/not_amora_136.jpg,not_amora,not_amora,0.0,True
not_amora/not_amora_1360.jpg,not_amora,not_amora,0.0,True
not_amora/not_amora_1361.jpg,not_amora,not_amora,0.0,True
not_amora/not_amora_1362.jpg,not_amora,not_amora,0.0,True
not_amora/not_amora_1363.jpg,not_amora,not_amora,0.0,True
not_amora/not_amora_1364.jpg,not_amora,not_amora,0.0,True
not_amora/not_amora_1365.jpg,not_amora,not_amora,0.0,True
not_amora/not_amora_1366.jpg,not_amora,not_amora,0.0,True
not_amora/not_amora_1367.jpg,not_amora,not_amora,0.0,True
not_amora/not_amora_1368.jpg,not_amora,not_amora,0.0,True
not_amora/not_amora_1369.jpg,not_amora,not_amora,0.188,True
not_amora/not_amora_137.jpg,not_amora,not_amora,0.0,True
not_amora/not_amora_1370.jpg,not_amora,not_amora,0.001,True
not_amora/not_amora_1371.jpg,not_amora,not_amora,0.0,True
not_amora/not_amora_1372.jpg,not_amora,not_amora,0.0,True
not_amora/not_amora_1373.jpg,not_amora,not_amora,0.0,True
not_amora/not_amora_1374.jpg,not_amora,not_amora,0.0,True
not_amora/not_amora_1375.jpg,not_amora,not_amora,0.0,True
not_amora/not_amora_1376.jpg,not_amora,not_amora,0.0,True
not_amora/not_amora_1377.jpg,not_amora,not_amora,0.0,True
not_amora/not_amora_1378.jpg,not_amora,not_amora,0.0,True
not_amora/not_amora_1379.jpg,not_amora,not_amora,0.001,True
not_amora/not_amora_138.jpg,not_amora,not_amora,0.0,True
not_amora/not_amora_1380.jpg,not_amora,not_amora,0.0,True
not_amora/not_amora_1381.jpg,not_amora,not_amora,0.0,True
not_amora/not_amora_1382.jpg,not_amora,not_amora,0.0,True
not_amora/not_amora_1383.jpg,not_amora,not_amora,0.003,True
not_amora/not_amora_1384.jpg,not_amora,not_amora,0.0,True
not_amora/not_amora_1385.jpg,not_amora,not_amora,0.0,True
not_amora/not_amora_1386.jpg,not_amora,not_amora,0.0,True
not_amora/not_amora_1387.jpg,not_amora,not_amora,0.0,True
not_amora/not_amora_1388.jpg,not_amora,not_amora,0.0,True
not_amora/not_amora_1389.jpg,not_amora,not_amora,0.0,True
not_amora/not_amora_139.jpg,not_amora,not_amora,0.0,True
not_amora/not_amora_1390.jpg,not_amora,not_amora,0.0,True
not_amora/not_amora_1391.jpg,not_amora,not_amora,0.0,True
not_amora/not_amora_1392.jpg,not_amora,not_amora,0.0,True
not_amora/not_amora_1393.jpg,not_amora,not_amora,0.002,True
not_amora/not_amora_1394.jpg,not_amora,not_amora,0.0,True
not_amora/not_amora_1395.jpg,not_amora,not_amora,0.0,True
not_amora/not_amora_1396.jpg,not_amora,not_amora,0.0,True
not_amora/not_amora_1397.jpg,not_amora,not_amora,0.046,True
not_amora/not_amora_1398.jpg,not_amora,not_amora,0.0,True
not_amora/not_amora_1399.jpg,not_amora,not_amora,0.0,True
not_amora/not_amora_14.jpg,not_amora,not_amora,0.006,True
not_amora/not_amora_140.jpg,not_amora,not_amora,0.0,True
not_amora/not_amora_1400.jpg,not_amora,not_amora,0.0,True
not_amora/not_amora_1401.jpg,not_amora,not_amora,0.0,True
not_amora/not_amora_1402.jpg,not_amora,not_amora,0.412,True
not_amora/not_amora_1403.jpg,not_amora,not_amora,0.0,True
not_amora/not_amora_1404.jpg,not_amora,not_amora,0.0,True
not_amora/not_amora_1405.jpg,not_amora,not_amora,0.0,True
not_amora/not_amora_1406.jpg,not_amora,not_amora,0.0,True
not_amora/not_amora_1407.jpg,not_amora,not_amora,0.0,True
not_amora/not_amora_1408.jpg,not_amora,not_amora,0.0,True
not_amora/not_amora_1409.jpg,not_amora,not_amora,0.0,True
not_amora/not_amora_141.jpg,not_amora,not_amora,0.0,True
not_amora/not_amora_1410.jpg,not_amora,not_amora,0.0,True
not_amora/not_amora_1411.jpg,not_amora,not_amora,0.0,True
not_amora/not_amora_1412.jpg,not_amora,not_amora,0.0,True
not_amora/not_amora_1413.jpg,not_amora,not_amora,0.016,True
not_amora/not_amora_1414.jpg,not_amora,not_amora,0.007,True
not_amora/not_amora_1415.jpg,not_amora,not_amora,0.0,True
not_amora/not_amora_1416.jpg,not_amora,not_amora,0.0,True
not_amora/not_amora_1417.jpg,not_amora,not_amora,0.0,True
not_amora/not_amora_1418.jpg,not_amora,not_amora,0.0,True
not_amora/not_amora_1419.jpg,not_amora,not_amora,0.0,True
not_amora/not_amora_142.jpg,not_amora,not_amora,0.0,True
not_amora/not_amora_1420.jpg,not_amora,not_amora,0.001,True
not_amora/not_amora_1421.jpg,not_amora,not_amora,0.0,True
not_amora/not_amora_1422.jpg,not_amora,not_amora,0.001,True
not_amora/not_amora_1423.jpg,not_amora,not_amora,0.0,True
not_amora/not_amora_1424.jpg,not_amora,not_amora,0.0,True
not_amora/not_amora_1425.jpg,not_amora,not_amora,0.0,True
not_amora/not_amora_1426.jpg,not_amora,not_amora,0.0,True
not_amora/not_amora_1427.jpg,not_amora,not_amora,0.0,True
not_amora/not_amora_1428.jpg,not_amora,not_amora,0.0,True
not_amora/not_amora_1429.jpg,not_amora,not_amora,0.0,True
not_amora/not_amora_143.jpg,not_amora,not_amora,0.0,True
not_amora/not_amora_1430.jpg,not_amora,not_amora,0.0,True
not_amora/not_amora_1431.jpg,not_amora,not_amora,0.0,True
not_amora/not_amora_1432.jpg,not_amora,not_amora,0.0,True
not_amora/not_amora_1433.jpg,not_amora,not_amora,0.0,True
not_amora/not_amora_1434.jpg,not_amora,not_amora,0.0,True
not_amora/not_amora_1435.jpg,not_amora,not_amora,0.0,True
not_amora/not_amora_1436.jpg,not_amora,not_amora,0.0,True
not_amora/not_amora_1437.jpg,not_amora,not_amora,0.0,True
not_amora/not_amora_1438.jpg,not_amora,not_amora,0.0,True
not_amora/not_amora_1439.jpg,not_amora,not_amora,0.001,True
not_amora/not_amora_144.jpg,not_amora,not_amora,0.0,True
not_amora/not_amora_1440.jpg,not_amora,not_amora,0.0,True
not_amora/not_amora_1441.jpg,not_amora,not_amora,0.0,True
not_amora/not_amora_1442.jpg,not_amora,not_amora,0.0,True
not_amora/not_amora_1443.jpg,not_amora,not_amora,0.001,True
not_amora/not_amora_1444.jpg,not_amora,not_amora,0.0,True
not_amora/not_amora_1445.jpg,not_amora,not_amora,0.0,True
not_amora/not_amora_1446.jpg,not_amora,not_amora,0.001,True
not_amora/not_amora_1447.jpg,not_amora,not_amora,0.006,True
not_amora/not_amora_1448.jpg,not_amora,not_amora,0.0,True
not_amora/not_amora_1449.jpg,not_amora,not_amora,0.001,True
not_amora/not_amora_145.jpg,not_amora,not_amora,0.001,True
not_amora/not_amora_1450.jpg,not_amora,not_amora,0.0,True
not_amora/not_amora_1451.jpg,not_amora,not_amora,0.0,True
not_amora/not_amora_1452.jpg,not_amora,not_amora,0.0,True
not_amora/not_amora_1453.jpg,not_amora,not_amora,0.0,True
not_amora/not_amora_1454.jpg,not_amora,not_amora,0.0,True
not_amora/not_amora_1455.jpg,not_amora,not_amora,0.0,True
not_amora/not_amora_1456.jpg,not_amora,not_amora,0.0,True
not_amora/not_amora_1457.jpg,not_amora,not_amora,0.003,True
not_amora/not_amora_1458.jpg,not_amora,not_amora,0.001,True
not_amora/not_amora_1459.jpg,not_amora,not_amora,0.0,True
not_amora/not_amora_146.jpg,not_amora,not_amora,0.001,True
not_amora/not_amora_1460.jpg,not_amora,not_amora,0.0,True
not_amora/not_amora_1461.jpg,not_amora,not_amora,0.0,True
not_amora/not_amora_1462.jpg,not_amora,not_amora,0.0,True
not_amora/not_amora_1463.jpg,not_amora,not_amora,0.0,True
not_amora/not_amora_1464.jpg,not_amora,not_amora,0.0,True
not_amora/not_amora_1465.jpg,not_amora,not_amora,0.0,True
not_amora/not_amora_1466.jpg,not_amora,not_amora,0.0,True
not_amora/not_amora_1467.jpg,not_amora,not_amora,0.0,True
not_amora/not_amora_1468.jpg,not_amora,not_amora,0.0,True
not_amora/not_amora_1469.jpg,not_amora,not_amora,0.0,True
not_amora/not_amora_147.jpg,not_amora,not_amora,0.0,True
not_amora/not_amora_1470.jpg,not_amora,not_amora,0.0,True
not_amora/not_amora_1471.jpg,not_amora,not_amora,0.0,True
not_amora/not_amora_1472.jpg,not_amora,not_amora,0.001,True
not_amora/not_amora_1473.jpg,not_amora,not_amora,0.0,True
